                  epoch,         train/box_loss,         train/cls_loss,         train/dfl_loss,   metrics/precision(B),      metrics/recall(B),       metrics/mAP50(B),    metrics/mAP50-95(B),           val/box_loss,           val/cls_loss,           val/dfl_loss,                 lr/pg0,                 lr/pg1,                 lr/pg2
                      1,                 1.3329,                 3.5207,                  1.517,                0.43673,                0.38272,                0.37602,                0.20422,                  1.558,                 3.4411,                 1.6627,             0.00047288,             0.00047288,             0.00047288
                      2,                 1.3507,                 2.6615,                 1.4884,                0.36239,                0.44635,                0.32447,                0.17305,                 1.4883,                 4.0165,                 1.6577,             0.00076127,             0.00076127,             0.00076127
                      3,                 1.3467,                  2.301,                 1.4684,                0.51799,                0.46816,                0.46935,                0.25769,                  1.643,                 2.2743,                 1.7916,             0.00086103,             0.00086103,             0.00086103
                      4,                 1.2553,                 1.8749,                 1.3949,                0.77859,                 0.5928,                0.68156,                0.44077,                 1.2306,                  1.476,                 1.3744,             0.00058017,             0.00058017,             0.00058017
                      5,                 1.1852,                 1.6762,                 1.3473,                0.75842,                0.79403,                0.82978,                0.56027,                 1.0838,                  1.125,                 1.2736,             0.00029723,             0.00029723,             0.00029723
